"","year","Canada","Spain","Turkey","Ukraine","United.Kingdom","Kazakhstan","Russian.Federation","Iran","Saudi.Arabia","United.Arab.Emirates","Egypt","Mexico","South.Africa","Australia","China","India","Indonesia","Japan","Malaysia","South.Korea","Taiwan","Thailand","US","Vietnam","Argentina","Brazil","Germany","Italy","Netherlands","Poland","year.1","Canada.1","Spain.1","Turkey.1","Ukraine.1","United.Kingdom.1","Kazakhstan.1","Russian.Federation.1","Iran.1","Saudi.Arabia.1","United.Arab.Emirates.1","Egypt.1","Mexico.1","South.Africa.1","Australia.1","China.1","India.1","Indonesia.1","Japan.1","Malaysia.1","South.Korea.1","Taiwan.1","Thailand.1","US.1","Vietnam.1","Argentina.1","Brazil.1","Germany.1","Italy.1","Netherlands.1","Poland.1","year.2","Canada.2","Spain.2","Turkey.2","Ukraine.2","United.Kingdom.2","Kazakhstan.2","Russian.Federation.2","Iran.2","Saudi.Arabia.2","United.Arab.Emirates.2","Egypt.2","Mexico.2","South.Africa.2","Australia.2","China.2","India.2","Indonesia.2","Japan.2","Malaysia.2","South.Korea.2","Taiwan.2","Thailand.2","US.2","Vietnam.2","Argentina.2","Brazil.2","Germany.2","Italy.2","Netherlands.2","Poland.2"
"1","1985",3.16593539520976,7.747,7.082,47.1156224990332,48.307,8.29883414856836,113.337054102249,19.1913626484087,21.9014556526361,0.445,11.869,55.0623070194522,0.042,4.667,56.685,11.868,6.57580878790135,183.860232933953,9.017,19.964,5.240305,3.3519122,107.744379569893,1.216,5.706,3.91416199625034,9.595,76.174,3.258,1.68,"1985",6.808,2.514,0.0582,48.9585988805538,2.896,8.68568851788084,451.267182494013,13.7366373515913,29.7525469779769,11.555,9.2365,7.21259253890357,0,11.501,0.972,2.158,1.81468520876629,128.043162218874,2.194,0,0,10.666,313.920392473118,0.072,12.4638137857143,0,27.985,24.712,38.213,0.081,"1985",399.764465044819,193.285216121311,100.633439792732,663.122409752774,572.042316365647,231.177818022407,2172.98050183881,154.526462963005,161.543631593838,48.2186022169,73.1362669719477,233.8853145177,282.050007741205,235.746921287533,1835.36016472568,410.414074256427,84.7042369583745,943.064965356603,39.1644247252548,162.193552257004,74.8834995495178,47.0209035786848,4573.72331737568,17.3589339519184,88.5350868953138,177.599550799895,1040.75085806932,349.971357822976,172.491250140654,457.887065662187
"2","1986",3.16593539520976,6.187,7.0006,49.6880073098338,31.235,8.76364963849874,117.995068285708,19.2776834928953,24.8445834721959,0.477,13.2,60.889131743303,0.042,3.771,53.678,11.504,6.7487741284812,180.843109126713,9.187,13.895,7.487593,3.34512,146.865448387097,1.397,7.894,10.1877364618622,13.643,77.483,3.456,1.622,"1986",6.886,2.118,1.3407,51.6316051879839,1.743,9.17217161798208,469.813711281414,15.7713165071047,30.8401010755624,12.337,10.289,7.65196146129626,0,13.784,1.693,3.682,1.86241738214654,130.835532584573,2.862,0.25,0,10.25171,267.213368817204,0.066,13.2707440791925,0,29.811,26.871,41.502,0.063,"1986",389.251918145728,196.609154339773,109.693330268632,670.970714237382,588.282252569266,236.356092110662,2211.42191879616,144.38074876722,158.85126889849,58.402938406,74.8008168969214,230.360171374384,283.501650324833,244.630316472978,1918.50653986003,439.592404337259,93.3594366065012,932.990551644528,41.7636162145079,173.507950075442,85.9267741534123,48.7488477930698,4585.49879391244,18.9419019491236,101.725903385575,191.944637207094,1032.42759123847,360.007433498263,174.283758645648,469.616395282408
"3","1987",3.16593539520976,6.436,5.4956,50.1737929166982,26.268,9.03053793163861,122.545338461239,23.6326643702148,31.9298838209196,0.507,14.969,66.1907477219014,0.042,2.799,54.644,12.351,7.80111842025395,191.793023540393,9.172,5.087,6.26799,2.19079000000001,127.411366666667,1.536,10.078,7.7827930299892,13.811,89.941,3.659,1.698,"1987",6.159,1.496,2.5281,52.1363928020903,4.532,9.45150104447527,487.931242374518,13.5283356297852,33.0704023950369,13.151,11.716,8.95910684163706,0,13.989,2.737,4.235,2.15282631622674,135.038321977742,3.33,8.391,0,15.62366,293.140648387097,0.066,12.5582517766917,0,32.956,31.732,41.292,0.165,"1987",402.642518900435,203.776356852856,119.083038049377,679.303983481377,591.69039584834,240.973925560976,2268.98144037541,153.447567586177,168.295869568734,64.9282469985,78.6043328109449,239.91092589563,290.727864051168,251.662885985856,2063.82144966829,476.367322116463,101.674113388384,939.330028849038,42.776494464632,182.579870808836,91.0138694440767,57.6651808797048,4728.60722644668,21.4449857267417,106.428097425394,197.710236527902,1025.87260964686,375.397785444481,181.868692356502,486.04913373747
"4","1988",3.16593539520976,6.937,3.3047,48.3131470035681,28.393,8.88513267625511,124.108075824759,18.6199763276976,35.5144476749948,0.552,16.728,69.3977197852497,0.051,2.444,60.336,12.333,9.55896979833257,213.048859306163,9.39,11.523,15.660161,3.1455,160.10705483871,1.49,8.635,7.19240467442005,11.794,89.702,3.796,1.626,"1988",9.432,1.365,3.2395,50.2029657966093,4.778,9.299317649252,494.153497687222,20.0160236723024,34.5766222396597,14.288,13.1555,8.3032505292089,0,14.718,2.053,3.604,2.63792966973024,141.932890018758,4.03,10.432,0,18.71988,271.828713978495,0.064,20.5553767526485,0.005,33.141,32.42,36.428,0.097,"1988",433.039260957231,196.385117242642,116.461014154095,657.394069609591,591.262689325844,248.647562118537,2292.44100853944,161.443455719347,173.225385971961,72.5641385331,81.017057902901,240.937170496355,314.064771450391,263.878167675465,2213.72003562792,513.365176491643,107.134760889208,1012.45592124741,45.446888129777,207.409298331042,106.913945858192,64.9257700125357,4948.82525765126,20.9028195337917,111.103523391171,201.832930439322,1010.37693679048,380.288468670553,185.974994164803,475.152721875462
"5","1989",3.16593539520976,9.138,4.2475,49.5336441054664,29.442,8.97655699346106,125.828867521915,18.2744269098523,36.8957959334486,0.578,17.4125,71.9721712968501,0,3.024,57.632,12.805,10.7355027958549,231.796310541705,10.012,14.64,23.411728,4.75528,176.72959139785,1.182,7.204,6.15214560874931,10.437,101.785,3.307,1.691,"1989",14.835,1.398,9.524,51.4712039069715,4.949,9.39500375744441,501.005068225964,26.3605730901477,38.8339950240416,15.034,13.715,9.75928808075554,0,15.128,3.709,7.275,2.96261019148711,149.58808076577,4.087,9.132,0.058806,19.19475,379.170823655914,0.038,24.3074096921053,0.215,38.575,34.407,39.93,0.115,"1989",452.428115080135,218.727971260619,129.334348039175,626.750909446897,581.885029265278,242.091926263449,2290.79939806954,176.92015402827,168.783489817021,80.8092420158,85.5271665592832,253.849010080274,294.76899344921,277.147547493286,2311.47406222519,560.537017144964,116.874941168302,1040.07394769837,52.2985833574859,218.382051128605,117.213410220648,74.6998554859828,5037.9408027082,17.816788436438,107.553830929644,205.695473100591,998.752333077201,400.849756355701,187.087166163803,457.003488309251
"6","1990",3.16593539520976,8.604,3.9417,48.011,34.676,8.731,128.493793298355,19.886968789581,39.1519035246007,0.633,15.5535,64.0383205262306,0,3.474,50.366,13.312,12.32408,287.537855954082,10.555,18.856,23.410018,10.369481,135.978711827957,1.305,4.944,5.06989968002677,10.8,102.719,3.064,1.57,"1990",9.654,1.509,10.1923,49.889,4.998,9.138,511.615839400629,30.322031210419,40.7285522146336,16.448,16.446,13.2084711388736,0,12.5655,2.771,9.958,3.40076,172.93030706938,5.54,9.604,1.243318,17.76506,400.822746236559,0.006,19.8472255162698,0.325612,35.9,39.082,36.529,0.125,"1990",447.348357782514,216.172198105073,136.442057134349,726.388332771554,593.034987351229,240.602574394906,2234.66934940275,190.571049872636,202.285731583295,82.2392740372999,87.9344750168703,267.923033439526,309.058776206199,281.561492758638,2326.50284249538,603.187543043332,135.759390765545,1086.18522728329,58.8307624201383,235.389152296544,120.365442988657,89.7318169030732,4946.55357042061,17.8671345219977,101.381185754234,197.163867302517,1003.05828460957,401.894028085625,195.906410075846,374.045844256717
"7","1991",3.16593539520976,10.156,3.2932,38.528,28.116,7.49898216681052,123.973432685064,22.1110433879942,42.2400360351567,0.643,12.9535,67.6931130128393,0,2.879,51.923,13.444,14.24383,275.446557432548,10.945,27.182,26.340497,12.748967,128.765132258064,1.492,7.619,5.24592513805662,14.8,104.287,3.304,1.528,"1991",8.622,1.361,12.5886,46.431,5.824,8.64121123857636,501.311122713122,35.0019566120058,42.7556766153418,16.709,20.4065,18.9321419657188,0,11.2025,2.429,13.355,4.34982,184.344112418944,7.726,9.935,2.971792,19.051186,410.272061290323,0.035,21.0222933956873,0.373,36.3,35.87,41.015,0.107,"1991",429.049546926408,223.016539606241,139.799365044986,650.340121633099,602.841342475845,238.26633253274,2168.90705448077,211.035586585288,212.06426560631,100.8094344743,88.5628362753147,277.293595942646,303.469056980623,282.247040237189,2457.75273518907,635.680047759586,146.343098080674,1099.77346500141,70.4969414308237,263.752886348375,129.884030587798,99.874398762475,4900.40445569264,17.4269742393443,103.112753008546,206.445101417113,965.148558607663,402.859367702831,201.621213679316,368.752172829903
"8","1992",3.16593539520976,14.329,5.273,22.618,29.809,7.30034989173864,100.052081575578,20.7316968789533,49.5763808816099,0.692,12.2425,66.8470006923935,0,2.3915,53.21,14.811,14.94006,282.141486550261,9.642,35.311,22.555171,15.090259,107.692648387097,1.62,7.661,6.33311362504322,13.2,116.02,3.155,1.457,"1992",13.122,1.711,10.8137,42.235,12.583,8.73541867182699,460.187429929225,37.1593031210467,43.8967964137543,17.997,22.9445,18.7759422032881,0,11.964,2.467,16.258,3.24939,184.159156993863,11.398,12.187,3.053704,22.94304,434.488572043011,0.006,20.4208828004442,0.39,33,35.168,43.462,0.1,"1992",440.817312847022,243.298047925014,143.878913884223,578.302976089478,584.680282990219,236.308376639651,2073.43197678828,226.479311025797,208.57943149126,98.091598667,87.9640995936299,280.265715449577,307.119129250232,284.470329428027,2582.06868424399,673.074845844061,160.537004409263,1111.40044018919,76.3414734242876,288.261480042655,138.756218559864,110.449402993539,4978.21448904013,18.3193686594,109.603141939756,216.72230778718,919.194459066917,400.66595453362,202.994657093148,353.402702904723
"9","1993",3.16593539520976,9.544,5.1745,16.936,21.143,6.73497648079926,82.885595806997,23.7733458387133,54.7930156132631,0.806,10.472,65.9245318942489,0,2.3705,65.454,14.208,14.72373,238.795988837976,9.499,34.888,26.278803,18.238486,121.277612903226,2.046,6.693,6.2156034722743,10.1,113.919,3.026,1.572,"1993",15.299,1.196,10.7882,38.888,34.039,7.75997290141087,429.168167163607,40.2836541612867,47.8755200327219,20.924,26.1725,19.0673324033781,0,12.247,3.124,17.878,4.31729,182.323957677665,13.905,14.488,2.638512,27.95316,446.157847311827,0.014,22.2892382497477,0.388,32.8,39.596,44.121,0.097,"1993",434.930503381359,228.742817147728,148.469835864374,474.760360439383,570.545143969467,208.546411704932,1896.72214507223,212.035630002347,212.982775207906,101.9524581276,87.4822703117516,283.815990598247,306.916474961572,291.272860954494,2790.67942574788,693.646076784256,171.042999053019,1101.74655060814,77.2083306275149,317.851753067348,151.319637321687,124.856765263464,5093.69603791675,20.5318382252,109.356266458816,227.713964456274,911.63559342952,395.668512909424,207.065384089202,352.220680842861
"10","1994",3.16593539520976,10.509,5.5488,10.399,14.837,4.76835475426614,73.2704395586872,26.76460502476,55.5679352971076,0.88,8.5305,79.7202900946888,0,2.529,48.199,15.747,11.20074,281.116873888749,8.466,40.363,26.637011,21.03235846,113.872024731183,1.97,4.557,6.44245004874996,10.1,116.312,3.331,1.686,"1994",15.437,3.229,13.8223,34.26,53.258,5.35039805690517,363.74231404168,47.24839497524,50.478018557915,22.856,29.2915,21.3801850260356,0,13.556,3.154,21.882,12.3335,199.119502829006,17.491,20.046,5.427485,31.484798,494.858797849461,0.004,22.0811954836185,0.479167431922037,36.1,40.404,43.541,0.147,"1994",450.033947162504,239.513487413739,147.114511140017,397.995251271406,556.376697160186,192.752167666609,1727.65969008345,238.554734221188,249.451930168538,111.2362381752,88.3591738253781,307.496496949296,317.729631502073,301.969041283479,2940.0247185353,724.851682280656,183.100666653658,1164.76629639195,85.3358146778873,346.481866555859,157.935634964577,140.008806519575,5170.6386012686,22.9030473128,109.434254679144,237.644568639493,892.255573986527,393.456576309543,204.566761827189,334.293402951511
"11","1995",3.16593539520976,14.623,5.772,10.391,17.297,4.86027505283731,67.791865782913,29.3393611645146,60.1196624628602,0.776,9.01,70.0065079182534,0,2.7715,55.094,16.826,8.57921,248.67469943559,8.974,42.045,32.030313,23.97307505,80.1656612903224,1.295,4.585,7.58148150202466,9.1,120.8,2.814,1.523,"1995",19.9754838709677,3.75,16.5793,32.726,63.739,5.45430867040631,353.544216108927,46.5996388354854,49.8083629023106,24.206,30.45,22.3977671040927,0,13.679,2.999,29.434,20.66654,201.16463298105,17.726,21.296,5.873227,33.86326225,533.395639784945,0.748,24.881919730581,0.559693704326954,41.1,46.442,42.011,0.258,"1995",461.15415379949,248.291004367725,161.250973682097,369.885342552524,553.312711855063,168.867415107049,1617.80972750903,248.939000654251,242.052912560762,115.2388237057,93.4959414204853,294.779294779999,326.863568564119,311.374936078467,3029.07297903552,774.46609072109,195.248669824667,1179.25374841073,87.1837118930425,376.35831217917,168.986467917794,153.903178126657,5201.12347586802,27.180056522872,112.966506739194,251.916952963934,884.358046826166,413.793300023654,211.670165078104,340.808761327645
"12","1996",3.16593539520976,13.92,6.5396,4.947,17.185,4.24591917078152,56.5078786854074,31.7396506089334,62.6484782664261,0.895,10.5725,71.4758541918082,0,2.49,50.351,19.848,9.17187,237.25818506101,10.125,42.436,28.030879,25.55609095,87.5389516129033,1.463,4.624,9.32814455823864,8.162,117.088,2.824,1.772,"1996",18.6215053763441,6.767,17.1742,33.275,84.086,4.76412581262112,364.111081491379,49.0943493910666,49.5186440254094,25.677,31.5135,21.1682648805156,0,11.9355,2.828,32.024,21.85554,212.916207087616,29.641,27.05,6.242271,36.4333442,489.307070967741,1.097,29.379675489755,0.974146837316111,45.56,49.725,47.075,0.323,"1996",470.466138333048,244.60929116251,175.316336772144,342.674869646066,573.43378881099,146.982059804099,1564.2131588124,262.544152965323,246.551742946113,117.6829270516,99.4552534476572,306.054199070481,332.070332343456,320.525044767045,3178.56450696987,813.525104998653,205.976556496491,1199.55103837104,98.9366989188073,418.115530387779,177.269494505849,171.93104423102,5383.81723337392,31.155780259568,123.049580480659,271.447911579767,910.551355431649,409.16380250562,221.731532334264,354.32956798327
"13","1997",3.16593539520976,14.103,7.1573,2.327,10.669,3.76679362152041,51.7922911088225,32.0536334635466,66.1937610663929,1.174,12.3335,82.5114289078669,0,1.998,47.115,20.889,12.00631,208.942806810439,10.235,42.943,28.746788,21.706311613,99.5213688172044,2.177,2.042,9.96905295843237,7.4,113.312,2.823,1.901,"1997",22.8263440860215,18.174,22.0856,31.017,110.963,4.22572259123096,356.867557724436,58.8923665364534,52.9107098662872,27.29,32.6795,23.1212186353505,0,12.18,8.077,40.179,29.61548,219.677328034114,40.595,31.823,8.98615,44.573673632,515.482440860217,1.973,26.9045275540408,1.177,48.1,60.649,50.661,0.215,"1997",484.896790719451,263.685653283533,185.136897819567,343.418111288265,554.642832362812,129.935786762737,1464.12806477407,272.566765180228,250.865904529463,122.4282657481,103.912410779948,319.290072903945,339.575190468854,330.626777647781,3166.68803305558,855.266514168515,229.149638427157,1198.10839915862,114.731983522873,452.463001240751,192.644082392989,178.687603375389,5490.31139247781,37.809227882912,117.529545244015,284.615595528075,883.309659059924,413.174758473153,218.909778437826,349.688768670372
"14","1998",3.16593539520976,17.499,7.9233,2.248,8.18254048252382,3.63446622616036,52.9433103123877,23.0299130501329,72.5670812265596,1.219,16.063,92.3325228907979,0,1.775,53.392,21.038,9.53041,192.404351318057,9.816,17.712,29.975325312,18.523070712,138.494809677419,3.676,3.81,11.2095961324617,6.7,107.305,3.013,1.902,"1998",26.4237634408602,16.212,24.8375,29.197,117.798288191052,4.07319604939075,346.503751996216,71.7550869498671,53.6005974397219,32.173,32.5295,30.0223250982958,0,14.4675,6.092,50.175,31.07327,230.099560921314,40.298,26.302,14.302811153,49.021127973,571.244197849464,3.437,28.020801118205,1.321,50.743,70.213,52.126126,0.313,"1998",498.558606734692,274.376505357422,187.086181508989,329.185915800309,556.052926916111,122.950011777438,1446.98917800503,278.79918885722,264.941116721476,124.8219159531,108.067073320316,336.563916386348,332.825349037614,339.998956574673,3163.73950883683,894.773923867493,222.281201187909,1163.64419815734,105.398346198313,393.378716414307,206.289368723493,163.791909351536,5528.36736181837,41.21884652568,123.354488603312,294.742418250125,874.19399209516,426.313696403771,219.868275234188,330.088379600415
"15","1999",3.16593539520976,24.445,8.0795,1.427,6.5487897059158,3.01235548434947,40.9020726602845,27.3424400152996,76.0977428674364,1.258,15.0515,89.6631417042206,0,1.7565,50.261,24.802,9.81549,193.238116553227,4.888,18.527,31.363047434,15.886584,126.947137634409,3.274,3.831,16.636875,6.3,91.379,2.781,1.891,"1999",27.874623655914,19.058,36.3459,30.254,142.900868610589,4.09807726612194,358.633637092949,77.1505599847004,54.9016332516324,35.869,37.2265,32.9051698364898,0,16.123,4.813,59.009,33.49757,244.686818532496,45.658,30.124,15.476981186,53.804434629,598.275405376344,3.596,40.2090069500724,2.6528650887574,51.8,86.217,52.581516,0.62,"1999",504.408055191139,298.646299669115,187.752435611853,339.045218080888,546.986526314652,114.15293080468,1446.9700670772,297.680761131199,269.741177936864,125.2059329007,113.607267021972,333.506232907394,344.400445752277,356.62922952537,3294.65729872604,911.691750111565,244.931856620815,1196.98543432531,118.963335876775,427.545083190807,234.224092070458,171.24585173526,5577.14655160908,40.21898434216,123.249977281801,297.999149790042,851.762231728106,430.713195220548,216.562323874063,323.297266993275
"16","2000",3.16593539520976,22.578,9.3108,1.187,6.52398441669739,2.68694953198913,33.091,33.4872572955877,74.8449672105625,1.234,16.8719428653669,96.5795940017186,0,1.914,47.268,29.163,12.504,179.43207488968,3.6,26.9780406113281,30.738006883,9.719371,119.592435483871,4.519,2.883,15.24524,5.866,85.878,2.641,1.916,"2000",35.4251612903226,20.178,46.2169,29.947,148.076532816805,5.518921827324,370.372,81.5592427044123,63.8385160026306,38.71,42.1883571346331,40.3095866450451,0,16.758,5.773,55.964,31.929,253.7623174024,49.864,39.2533966933594,17.695578726,61.094558866,646.277590322583,4.356,43.3248213888858,4.06785979906588,49.197,101.36,52.492704,0.928,"2000",526.063775289955,309.556734030833,206.401301306419,338.965969229482,562.986952285304,100.488441170163,1453.3439248478,313.897463637615,278.099304886213,124.4085469713,118.679944391105,353.184452109991,343.170289547889,358.076753097137,3362.70047473906,962.480804119105,268.169332699284,1218.33103367401,131.255685212471,461.081323934004,235.738126931739,169.803677899217,5748.29334078012,46.9658701484111,124.760984664452,302.214321545181,849.490343543377,435.160804819831,218.441005682557,299.375168419254
"17","2001",3.16593539520976,24.632,10.3662,1.061,5.25316632900467,2.33139423684599,30.0199896193173,33.4741544408355,69.4383473680332,1.208,17.6477597822142,92.7421650752088,0,2.245,48.517,26.791,13.165,150.989739550549,4.382,30.6212679157212,25.571088619,2.66694873599998,134.279807526882,4.757,1.004,15.9038126739563,6.101,75.008,2.646,2.398,"2001",41.8270967741935,23.358,49.5492,30.357,141.906054112841,5.88764326617804,376.743869724853,89.5011455591645,76.6548643692313,41.964,48.4713402177859,50.8608349247912,0,24.5005,4.934,55.934,33.087,251.745694444095,53.421,40.6807774215412,20.537000212,71.228779315,687.235611827957,4.423,38.1289965141818,9.92124605568446,55.516,104.188,54.408072,1.358,"2001",523.913160151703,313.60591945179,186.75827154898,339.027641528302,574.288832366491,118.614015145872,1466.50797379138,328.480747292935,287.066232406052,125.100959595434,126.337610041148,351.85284190154,348.378344900791,360.339538355292,3525.02870495571,970.31935571917,290.557318590406,1209.68779247529,133.338084531915,472.589428872225,233.609547241499,176.293050667182,5636.8328868337,51.3726048232957,115.939459016263,311.294873216908,866.011105575545,432.552107689735,228.45507660024,297.687608684941
"18","2002",3.16593539520976,28.593,10.7438,0.81,4.79899495561774,3.0703173402734,27.4150374030177,31.6262140658963,68.3992391435677,1.295,14.5772976162379,79.3153297030361,0,2.0535,50.704,27.929,16.314,170.170857937068,7.62,27.3230931106031,20.564585211,2.12060067500001,101.685370967742,4.386,0.759,13.5200928456057,8.713,87.764,2.363,2.376,"2002",38.3745161290323,32.386,52.4965,30.494,152.277484397212,6.22861511882229,384.772595140504,98.0404859341037,86.5067201951245,45.291,57.4507023837621,69.6006702969639,0,30.55265,4.194,62.885,32.792,248.647982352664,53.372,48.1515169455125,26.262874251,78.91024132,743.016929032257,8.334,34.7709074291693,12.4057849134819,56.307,99.414,55.132205,2.198,"2002",534.826358946175,332.227215756658,197.616091184334,333.85577388844,553.942886919343,120.353967027051,1466.27194740607,355.015969234713,294.942038227707,133.39951858531,121.901308533071,371.335980270408,337.607073765874,365.252754546123,3845.4467334274,1021.90921496988,301.06320225934,1214.93105843145,143.892859906153,489.467225145611,243.856262178046,190.906390731989,5651.87661389566,57.518811338714,110.193388148389,311.243543470457,852.633100518938,434.509619552366,228.588615059235,294.222353821107
"19","2003",3.16593539520976,24.002,9.1962,0.65,4.59411212434555,2.59403860876523,27.1191307117393,31.7062608900479,75.2246401819437,1.357,14.9358108445255,70.8037880610076,0,1.52485,54.825,31.086,17.368,182.61670842286,2.968,29.260169305474,18.229894068,2.506165274,128.393164516129,2.658,1.011,10.835175,10.333,75.987,2.493,2.456,"2003",38.3239784946237,39.368,63.536,34.24,148.882673124549,6.82010150801035,406.819965703324,109.851139109952,91.362948983298,48.183,64.0246891554745,80.5832119389924,0.00110972223990594,30.14735,5.155,72.802,33.74,269.266328860263,55.871,48.2422124856562,28.386327342,85.68782651,698.825310752687,12.044,42.3452505568185,13.11,62.864,117.301,56.172989,2.425,"2003",546.869787151536,338.423737230884,209.898084824508,341.014845112232,563.939417958875,132.16694624253,1495.20561500881,359.737308111481,312.593586524895,143.060878898576,131.293190719795,372.83586512165,370.244858765425,372.1952035426,4534.38919650425,1062.26989445209,331.023335944531,1255.83439140219,159.138562150231,498.989144061208,252.982235559054,202.053532555721,5717.46037570823,62.9296615051942,119.669288499281,308.543611731053,857.875709310411,453.065398018849,228.64105911625,303.373847671447
"20","2004",3.16593539520976,26.802,7.6703,0.57,4.64377954492927,1.18095395166927,23.9189192564577,35.6885699331538,74.665688242289,1.224,13.455857227419,73.9331646955062,0,2.11485,65.534,28.269,18.56,167.173778406508,2.495,21.983248433207,15.890034265,5.70091795999999,130.263502150538,1.685,4.039,12.3390833511628,10.7722,58.891,2.431,2.914,"2004",39.9505376344086,55.46,62.2418,37.524,157.064867007787,7.14872125358477,422.559237786058,114.611130066846,98.7389734040787,51.193,71.4599115897853,92.3728353044937,0.00332600006565104,27.36115,7.46,76.577,37.03,254.103984585921,60.605,66.4657865270407,36.202403023,90.289051077,763.548405376344,19.533,50.2033409218343,19.2639102205404,63.008,129.772,60.498005,3.225,"2004",540.244139501421,359.513671006191,217.221529203828,326.891637016497,569.288825314367,143.895041636868,1490.3027114056,388.247329157146,338.073978032933,153.525846842475,136.604391065111,390.331413698464,408.895989449974,385.896452593083,5337.02878673259,1116.58531653159,329.787679078945,1242.08554452709,170.660180946989,514.790871517901,265.809843250689,218.620757618295,5815.9777937222,81.3572564028171,129.95488424589,323.537495577637,843.700844123569,471.096802178429,235.141849613551,301.702385545659
"21","2005",3.16593539520976,29.414,5.4825,0.586,5.33815731305878,2.63419100026504,21.2544526251316,37.4026701482491,83.1230729866711,1.296,13.9743340879644,72.6855683497872,0,2.9495,50.513,25.366,17.297,182.594539331473,2.203,21.1588071444609,15.2574571,7.816933841,131.424749462366,2.167,5.746,11.7375179234484,12.002,47.124,2.262,2.757,"2005",40.1339784946237,79.011,73.4449,34.157,152.641742123056,7.26179677876181,440.066740109899,124.584429851751,107.931882925794,59.402,77.8178702131108,86.4804316502128,0.0859389963050082,23.2644,12.142,75.467,41.0878,249.870688820904,60.566,66.3610544199188,38.960288343,94.467622466,818.236832258063,22.319,50.2014029250512,18.8112738579351,72.74,149.259,58.207785,5.165,"2005",541.545228457748,372.977698896393,225.243646742028,313.068999035695,576.334375821326,148.928390193399,1466.6016923856,416.317647426756,357.128657963909,160.13070060574,147.125633224425,416.24430033803,393.021177855376,383.622165918144,6099.47972852944,1204.55270134193,339.744796093139,1277.41979727098,180.978107799521,520.03604768797,268.105454859268,227.518776636224,5851.32194043207,85.9878810264245,138.541190154879,330.616356781571,822.168641431749,472.282309370602,237.693655052554,306.986835755975
"22","2006",3.16593539520976,24.158,4.3404,0.695,6.17300651738122,6.574171903276,24.2368722037362,49.1107401394084,91.7632697162317,1.357,15.3301166545715,53.8385234178268,0,2.9755,37.917,19.0768691396426,17.748,152.306673785572,3.135,20.2938175566243,18.057661618,7.88535719300001,68.9961440860216,1.404,8.036,12.407794,10.949,45.875,2.095,2.908,"2006",43.301935483871,90.57,80.6912,24.45,140.828237023064,8.00442685865172,455.248420779156,125.120859860592,104.548172202607,65.411,82.9403725927403,116.057476582173,0.0195363899832334,27.2879,23.819,74.7042210787558,40.3822,276.579580121287,63.902,75.1902048298598,40.1435553,94.43845636,877.89330107527,24.502,50.2044246854391,18.258215,75.29,158.079,57.075274,4.58,"2006",528.309298011055,366.877498540734,248.26780455867,321.159420292716,579.890473413458,159.984245547028,1534.99860202769,451.329583744095,374.42065968644,169.151660157175,151.274125761858,426.790029121254,401.527970631853,405.352454959525,6677.85901438541,1252.54062319666,358.28776924925,1253.69083869427,186.794967463193,527.38398615124,275.314683621375,223.789456686622,5770.96040296041,71.9163025234774,143.535964679483,336.193028883726,840.120242528895,470.226158118687,235.323974591255,320.188824082311
"23","2007",3.16593539520976,18.832,6.5268,0.639,5.04829686897175,7.15335560693147,17.3198479173017,45.7015954312455,101.724925662942,1.418,15.774240940911,51.5414570024524,1.153,3.4755,28.094,13.36339,18.2613,182.672909186516,2.24,20.8966264514244,14.969594123,2.99481316600002,70.6870731182797,2.656,10.97,13.3537042476436,10.003,35.409,2.219,2.794,"2007",45.0450537634409,94.799,95.0248,22.448,165.793083251852,5.0496628588715,489.137468920371,138.754404568754,102.708817032252,77.343,89.2116031451105,128.785542997548,0.0859389963050082,33.40285,33.907,90.0469375,41.9347,292.821881791814,64.472,85.3497727567568,45.092465064,98.243470633,964.075044086021,26.618,53.2416312242202,15.4965939491813,78.052,172.646,60.888077,4.483,"2007",551.171861764154,378.672221683223,273.003701497167,315.422573916133,570.241943412943,175.458237671488,1528.10391098357,480.712682282209,392.461927156469,185.717763385649,160.169045973602,428.891303695983,411.789665752934,409.531654170356,7240.32828417812,1365.50771205657,386.593550417161,1267.6206739099,190.399125989275,545.62080863771,277.836759502441,236.689517073694,5861.10073590986,78.7916796258636,156.696679487162,350.722080367774,807.230947555113,460.876065977184,234.195790571216,316.988534564179
"24","2008",3.16593539520976,18.309,7.5185,0.982,6.70877103430562,3.08088609757503,16.0950418553167,67.3966554654668,106.890715996421,1.471,17.883360639991,52.876,0.143,3.723,18.809,15.266355,20.826,170.046178620211,1.725,12.1755764960093,13.369306342,1.01336389999998,49.7232387096774,1.569,14.37,17.6714786658174,9.676,31.459,2.065,2.726,"2008",41.8337634408602,120.798,98.6853,19.313,176.219018779641,8.20836081711062,494.440805172309,135.059344534533,109.512567051418,78.992,94.8817361342026,131.273,0.0859389963050082,36.3081,34.566,85.88126,47.2247,322.165163909789,66.26,80.9911342481604,48.572994765,104.457920965,949.441504301075,31.062,58.9466171303278,28.778265471292,89.066,172.697,64.563171,4.679,"2008",545.616885553747,352.255983088334,276.894192513471,317.342663627109,562.849884841726,189.397503314461,1554.28284281713,503.563370173509,424.421940284416,211.484842198445,170.455754787263,431.56965304968,447.501539170493,420.507011454016,7378.52977213826,1466.92421702948,376.075533782513,1274.88727670117,197.788941231557,557.466541455107,260.39168769475,237.448386318671,5675.70230439975,103.667524776128,160.199632164467,374.022244651954,806.468611386127,446.892622322544,231.40243202854,319.194516304984
"25","2009",3.16593539520976,20.0748281996432,4.803526,1.694,5.99455276272959,0.884234163823419,16.0481688189365,65.0663185385413,123.977226630806,1.439,20.669411671565,48.777,0.049,3.2474,12.124,13.08314,19.856,104.456099783522,3.52,16.3708185786083,7.604333066,0.493298803999946,41.8672204301075,1.785,14.276,14.65585,10.066,26.02,1.487,2.723,"2009",44.054623655914,109.588541666667,96.0947,11.688,166.498663626754,12.8604057061965,469.829399776611,149.413481461459,105.200141122831,84.2421,98.7859270381124,138.156,0.00678749990107573,41.1229,56.55888,104.367325,50.2823,322.158472865663,61.565,71.1640278677418,47.333108629,106.343310275,990.299656989246,36.358,55.1343511410968,13.33179,80.888,147.27,68.494439,4.787,"2009",502.255348971798,314.440844176317,276.059744769209,271.784882197266,516.115693057141,170.61819198129,1445.34547578596,516.535823744248,443.203173060145,205.513757719448,177.157795530973,433.023324833952,446.691603424474,414.785472301552,7708.82970138415,1595.64163205637,387.933556692749,1112.45149311045,190.306230743991,559.729237307339,249.653798196395,236.482144428658,5263.89639259467,102.443312171068,154.308472589153,351.424125433145,751.015478911623,403.986915239714,222.600496665734,305.041133794877
"26","2010",3.16593539520976,17.1364597053359,2.18,0.822,4.80543650143226,0.620003924019082,9.31208529999012,49.4842092082479,132.57340468936,1.445,20.9530667556624,43.76321232758,0.197,3.1003,14.856,10.7799825,19.0806,101.167278687475,3.67,15.3731303236551,9.46296694,0.599897609000055,39.8505516129032,2.532,16.663,16.1152861299092,8.74,21.714,1.253,2.892,"2010",51.3006451612903,97.2082541666667,98.1437,15.703,175.653407361857,7.34704649962612,520.533768161357,175.371990791752,118.807812095586,92.4859,109.089809588424,143.75078767242,0.809299932650955,46.7908,77.72672,118.027315,55.3159,321.858968960154,59.129,103.04514762128,61.066672111,118.438151008,1062.04003655914,44.686,56.1933609753541,36.4755625362073,89.292,152.737,73.577778,4.798,"2010",526.72463906528,298.68818799324,278.581289613505,286.896206257842,532.630430913747,183.856631049582,1492.23093916731,518.021531144192,485.135366091771,215.2653380216,188.770831324256,442.415847273964,448.904954575473,408.686799608884,8135.24786786808,1660.97049685992,427.566673581891,1183.81262792804,213.014305444574,615.71478612577,263.893023587222,248.709462759443,5465.59346542292,121.897305167685,166.044081803734,399.383601274704,780.554878538573,409.790205607339,232.434371895753,322.772558610146
"27","2011",3.16593539520976,15.171,0.9036,0.555,3.11894699393792,0.542993340741776,27.4723752316949,83.5995040688841,147.346526288844,1.388,18.188246507561,48.83265,0.709,2.89815,12.13,9.3527675,22.887,160.876888384126,9.45,15.9176713561,8.255236326,1.33086913999988,32.4540268817204,0.726528418984395,18.992,14.5792092830744,7.156,19.885,1.406,2.453,"2011",60.7504301075269,84.517,104.0476,18.451,146.498986703328,7.93990262521124,521.296402494206,140.532184820005,114.892734872446,97.7278,116.645226610719,151.71118,0.877942036557909,48.7839,108.7669,117.55915,57.4298,375.178574456312,49.568,108.587999309577,65.250914973,108.261322207,1089.98809569892,39.3939853849317,58.9838977719617,25.0952834970109,86.129,144.539,67.946072,5.821,"2011",539.016148455369,308.825152266019,301.506782587409,302.983369378635,494.954998913723,202.454528173843,1555.88169849857,537.961952690396,501.54163678704,222.340042652563,189.52905327002,465.416187735743,440.235868869372,414.629493720475,8805.84199640734,1735.73060866711,478.980933346304,1194.74650015698,213.520301296659,646.761257075864,267.062284043352,253.541608139322,5355.70638666352,134.968661047696,168.794029441327,424.390026746937,761.029623902962,399.785582240403,224.386110437621,322.568934386182
"28","2012",3.16593539520976,15.321,1.6387,0.535,2.89123423400037,0.74,28.1012052816898,81.1917228507856,154.967778262584,1.415,21.3512596538283,55.7332007950432,1.904,3.5834,10.937,10.07066,21.6381,205.594451078341,6.014,19.0804876732044,6.363312968,1.3627191665,24.9349913978495,0.105,19.212,19.257910654937,7.626,18.89,1.059,2.045,"2012",61.5491397849462,73.308,104.4992,16.039,100.169570020609,13.2042026303946,526.11100161351,152.956899371437,129.715754070749,104.7829,126.611928518215,153.644759331687,1.76197199091189,49.8125,110.2518828,96.2533325,54.0216,430.927073339994,54.9691,121.458296284594,67.374626951,119.3684492065,1318.16577956989,40.7663168430138,67.4547683985372,46.7601646229511,76.448,129.058,54.057456,6.26,"2012",523.221629678102,307.191136501987,316.947695535549,296.710044073835,511.845183121978,209.680026794482,1569.10366971248,539.735424424702,525.479848617079,233.453904308702,200.432883107551,473.698587333338,434.417552562598,406.68506723862,8991.47620818538,1849.24816572371,511.831400717703,1285.6406633036,226.286948098985,643.799372851919,261.725024646362,270.885714067381,5137.0406579457,132.602858977454,175.337289468881,443.383727777055,770.291290454796,386.579941419516,217.265225922128,307.219105773067
"29","2013",3.16593539520976,13.8539015286047,1.738826,0.39,2.06625331803687,0.676,8.70577722746942,103.36656692139,144.393213280647,1.391,27.0345334609174,47.6804699855698,3.621,4.73835,10.013,10.650093814821,20.7438,164.960020415296,5.339,19.6460969165756,5.936012009,1.41757422205986,29.2090795698925,0.739982648965612,20.827,26.0249810782893,7.198,15.482,1.203,1.782,"2013",58.6293548387097,57.0943272959509,105.116347,13.983,95.8429354900205,15.1486601377798,529.960438818158,135.848910856388,154.877744558062,108.4823,123.190783743384,165.498630041467,2.97895591361918,52.72365,116.3884582,66.3105776777984,57.6677,419.716344485333,65.5139517397,135.261148093791,69.553970212,119.2178991975,1209.50060215054,41.5735706418848,65.8066439948909,69.0027340528047,67.518,108.876,54.028719,5.27,"2013",541.920045770123,275.920287979056,305.48436791216,285.672124351246,498.447630221053,210.989966788874,1527.73868536052,572.912411850476,534.264844240752,248.863414122893,198.95232224622,472.509509690923,435.129079883016,401.83555605002,9237.72331163682,1930.00316219987,526.43855997883,1273.56844972155,232.418999717202,646.117151754832,262.409300244498,273.87431948101,5260.47140259599,140.737200845944,182.84516172886,483.417278022224,794.595782352504,353.592964298485,211.743607948918,309.829748769551
"30","2014",3.16593539520976,14.121,2.145289,0.216,1.92005197434103,1.156,10.7302169047261,63.5580370841753,160.728063843679,1.473,31.8643419689303,32.4886562243644,3.709,5.920425,9.517,11.3458324156078,23.0901,121.478590150775,3.49,27.7061560735217,7.273658059,1.66902390298002,32.5073784946237,0.672711499059689,19.075,34.7505229511839,5.658,14.163,1.906,1.594,"2014",65.4543010752688,47.273,120.576031,12.714,100.892020725663,17.7330656855702,534.849631612918,192.650962915825,172.950282134815,114.7468,124.615260181607,174.039423833645,3.1,53.655407,133.282572,64.0146449481515,60.486,447.693756655563,71.44491794,120.872317926478,75.388654328,120.3141607585,1211.40748172043,43.6589762889699,66.7856862456652,81.0731139907327,61.13,93.637,50.991982,5.328,"2014",551.315913468383,273.643580145726,337.544421883751,244.877173219076,457.293484805918,212.494129687035,1530.79730474309,588.869682764602,570.412630179433,245.132096618042,203.536463460458,459.159973419301,439.070273733977,408.82972688863,9223.72750018042,2083.34081678603,480.618669039092,1239.5584599381,240.198590251145,644.647733253441,268.505688070164,280.694393895021,5300.38690241985,157.149368038773,182.772357163155,504.610029547363,748.355752268667,330.179499675447,200.751312229269,292.920176769587
"31","2015",3.16593539520976,17.241,2.223939724,0.746,2.03710645091666,1.748,10.1021073172721,56.2791822445435,169.996127518075,1.582,36.4159146648905,31.2258185285279,3.936,6.2420335,9.679,9.12157557078991,32.1438,103.559889964249,1.739,35.0949594847073,11.169020075,0.922602527419932,30.3749989247312,0.739982648965,21.956,28.9362732266686,6.208011,13.384,1.431,2.118,"2015",70.2429032258065,52.498,99.218700953,10.102,99.8754151474872,17.214426477,529.754627719022,206.437817755456,189.56909911257,125.4755,129.80046705554,186.17536160847,3.97562191173965,51.7264975,166.90686,64.7684231336024,52.9044,413.973902537141,68.682214182,103.009061515293,81.24247098,128.524996168,1433.8517311828,47.157076084081,68.4313792903456,79.489563192931,62.033792,110.86,45.881465,6.387,"2015",544.567584976593,289.182235746896,346.123825181668,192.52632134894,438.377481279314,207.510037388885,1489.49509233068,585.686966637047,587.113954999348,267.057449652315,208.774474837321,462.968167384257,425.915795738206,413.215098810803,9174.61760698366,2147.80969516624,488.605902020237,1197.37522233055,245.592148079551,656.477997069126,266.557554883368,289.365002141683,5153.69295686094,183.032297647565,186.042635083856,487.613469848412,751.936598133736,343.08364171967,209.211394790935,292.929842018121
"32","2016",3.16593539520976,16.76316382,1.9263,1.615,1.89034898201155,2.05395382699229,10.9684490070546,39.703979963791,161.329335249334,1.597,37.6982046660366,33.52271,0.029,5.559853,10.3554279645934,9.30466666885297,23.2509,82.0194328516849,1.184,17.7108165347377,10.947087239,0.491492206169949,26.0266731182796,0.73998264896599,20.7226246575342,14.8952386101959,5.846,12.131,1.279,2.302,"2016",65.4816129032258,52.8306602545671,89.2271,9.831,143.129117686903,20.0312946130077,521.809360912929,223.660142258431,208.975504862585,127.660822342853,134.360091032888,192.27308,1.71044044982109,48.521841,188.2802,72.623985775791,59.3377,397.214,69.882040133,123.077009465262,85.592230924,126.14959041711,1482.05046666666,45.00439928709,74.764386943302,56.48488883729,81.269,126.148,52.567425,7.831,"2016",535.898708017786,282.344550070576,366.036772631568,213.68296208372,414.670494838807,208.487185098636,1501.53559135876,593.870917775036,597.622699706688,276.438415768228,218.313573997227,468.539459608317,428.492328096613,418.314898887832,9118.95144542438,2234.22142149096,493.084052623508,1178.50584433445,240.846145443098,662.534854003547,275.673954289374,295.454204802176,5053.71866408031,194.569035656418,185.880769880216,450.987086018266,766.571348930882,343.6199270458,212.723865984855,305.639881977209
"33","2017",3.16593539520976,15.766005,1.1999,1.43252593566895,1.62094420967984,1.93071659737275,10.675750619478,28.8727663701241,156.876963819646,1.59263661202186,27.7002804671822,38.90402,0.118,5.309077,10.745,10.0727941108779,18.9299,65.721691459435,4.98587256317511,13.1326073964403,12.7602,0.330289795000106,22.9999548387097,0.73796083844969,11.611393442623,15.4787302828488,5.5694,11.526694,1.184538,2.021,"2017",59.6052688172043,64.037,110.49,9.13587266906704,136.829433949873,19.7510637625611,515.943186763747,251.170339756218,225.074477133363,132.421334465895,149.391362543571,196.32046,1.87853978531266,55.176279,202.8,73.4571834692707,55.708,401.45,65.0923582884986,127.98089260356,93.4145,121.044163137,1393.99429247312,44.3557474697278,80.7958075292459,65.5933159171699,86.7483,140.3493,57.883554,10.035,"2017",549.536093210288,299.860720093375,388.539261020469,184.954788165392,403.209416531926,219.677581836694,1488.42301019941,622.145907892116,591.074769618768,269.202740137643,221.269640317339,476.846261526357,418.466356860871,412.294242635875,9229.77970895478,2316.87173044534,516.104681007005,1171.76397025998,241.648713066967,678.778510500721,288.389513925076,299.890274760683,5014.35676073782,195.522549551387,184.132417577339,458.870201542444,762.617300028534,346.25144564293,205.938175082034,315.406304191337
"34","2018",3.16593539520976,15.5503629638791,0.584829738812124,0.520027612370849,1.68236298713638,1.71505144553856,11.4246148698682,23.0231675154812,150.592039778965,1.59263661202186,22.1251463741521,36.7536465859171,0.118,5.25857,10.745,10.1021999537174,20.1973285448357,59.9802506485303,2.32777904363833,9.06833566429777,8.4332,0.17720600699998,26.421311827957,0.73796083844969,6.4132289424335,11.5280732800416,5.2,10.8650905297683,0.605849245072349,1.217,"2018",58.7417670271001,57.197068177496,92.1681623703586,12.054669570637,131.48241535666,24.1811355287048,521.488826147457,269.102305858907,233.031083230261,134.384339809112,160.901119523595,196.653828834219,1.85028113818368,50.244877,223.6,74.3076583453558,59.58,386.905,66.3616251719099,160.436751232591,94.7691,116.265176074,1578.50817096774,44.3303363676043,85.2749276236706,46.7905447248918,83,127.22596732992,57.3202145381515,12.368,"2018",550.294100171036,295.209887647502,389.857470678732,186.543615089843,394.136617304486,248.122091246049,1550.77412724396,656.363340053637,571.020081022821,276.980190936477,224.206096637435,462.47781729432,421.130673384333,416.566732249662,9428.71223083449,2479.07190249901,542.97078660862,1148.42640503084,250.294079181126,697.584006751192,286.031432885344,302.388083037585,5145.16318720394,224.525604206454,180.288732201186,441.760773798866,725.673471289634,336.346798277142,202.672083894996,322.536263204881
